symbol,description,exchange,sector,industry,open,high,low,Close,Change%,MarketCap,Volume,Currency
1JANATAMF,First Janata Bank Mutual Fund Units,DSEBD,,,2.8,2.9,2.7,2.8,0.0,,920308,BDT
1STPRIMFMF,Prime Finance First Mutual Fund 2009 Units,DSEBD,,,19.2,19.4,19.1,19.3,1.5789473684210564,,176959,BDT
AAMRANET,aamra networks ltd,DSEBD,Communications,Specialty Telecommunications,16.9,17.4,16.9,17.2,1.775147928994087,1599254554.0,262711,BDT
AAMRATECH,Aamra Technologies Limited,DSEBD,Technology Services,Information Technology Services,12.9,13.2,12.1,12.3,2.500000000000006,795901564.0,102563,BDT
ABB1STMF,AB Bank 1st Mutual Fund 2011 Units,DSEBD,Miscellaneous,Investment Trusts/Mutual Funds,2.9,3.0,2.8,3.0,7.1428571428571495,,2478988,BDT
ABBANK,AB Bank PLC,DSEBD,Finance,Regional Banks,6.7,6.8,6.5,6.6,1.538461538461533,5911585352.0,4312238,BDT
ACFL,Aman Cotton Fibrous PLC,DSEBD,Process Industries,Textiles,17.9,18.3,17.9,18.0,0.0,1815000046.0,27354,BDT
ACI,Advanced Chemical Industries PLC,DSEBD,Health Technology,Pharmaceuticals: Major,221.0,229.2,221.0,227.9,3.4968210717529598,19972350290.0,718104,BDT
ACIFORMULA,ACI Formulations PLC,DSEBD,Process Industries,Chemicals: Agricultural,150.2,152.5,147.4,150.4,0.8042895442359363,7106399712.0,189126,BDT
ACMELAB,ACME Laboratories Ltd.,DSEBD,Health Technology,Pharmaceuticals: Major,79.8,81.4,79.8,81.1,1.6290726817042571,17160897533.0,838814,BDT
ACMEPL,ACME Pesticides Ltd,DSEBD,Process Industries,Chemicals: Agricultural,17.3,17.3,16.4,16.6,0.6060606060606146,2241000051.0,1700238,BDT
ACTIVEFINE,Active Fine Chemicals Ltd.,DSEBD,Health Technology,Pharmaceuticals: Major,6.9,7.2,6.7,7.1,4.411764705882351,1703549727.0,693718,BDT
ADNTEL,ADN Telecom Ltd.,DSEBD,Communications,Specialty Telecommunications,65.0,66.3,64.2,64.8,-0.4608294930875533,4189428071.9999995,571789,BDT
ADVENT,Advent Pharma Ltd.,DSEBD,Health Technology,Pharmaceuticals: Major,14.1,14.2,14.0,14.2,0.7092198581560258,1322484836.0,126138,BDT
AFCAGRO,AFC Agro Biotech Ltd.,DSEBD,Health Technology,Biotechnology,7.5,7.5,7.3,7.4,1.3698630136986376,852599904.0,55924,BDT
AFTABAUTO,Aftab Automobiles Ltd.,DSEBD,Consumer Durables,Motor Vehicles,29.1,30.0,29.0,29.9,3.103448275862064,3155795177.0,216151,BDT
AGNISYSL,Agni Systems PLC,DSEBD,Communications,Major Telecommunications,22.3,22.5,22.1,22.4,1.3574660633484033,1625258810.0,1119617,BDT
AGRANINS,Agrani Insurance PLC,DSEBD,Finance,Property/Casualty Insurance,24.0,24.0,23.6,23.7,0.423728813559313,853643209.0,31014,BDT
AIBL1STIMF,AIBL 1st ISLAMIC Mutual Fund 2010- Units,DSEBD,Miscellaneous,Investment Trusts/Mutual Funds,3.8,4.0,3.8,3.8,-2.5641025641025665,,445660,BDT
AIL,Alif Industries Ltd.,DSEBD,Consumer Non-Durables,Apparel/Footwear,28.5,29.8,28.3,29.5,4.609929078014187,1435966606.0,573163,BDT
AL-HAJTEX,Alhaj Textile Mills Limited,DSEBD,Process Industries,Textiles,129.3,133.0,129.0,132.2,2.242846094354197,2947868196.0,121425,BDT
ALARABANK,Al-Arafah Islami Bank PLC,DSEBD,Finance,Regional Banks,16.4,16.7,16.4,16.6,1.8404907975460165,19118083862.0,699509,BDT
ALIF,Alif Manufacturing Company Ltd.,DSEBD,Process Industries,Textiles,4.6,4.7,4.5,4.6,2.2222222222222143,1195664184.0,406672,BDT
ALLTEX,Alltex Industries Limited,DSEBD,Process Industries,Textiles,15.4,15.6,15.2,15.2,0.0,850713600.0,427432,BDT
AMANFEED,Aman Feed PLC,DSEBD,Consumer Non-Durables,Food: Specialty/Candy,24.7,24.7,24.3,24.4,0.8264462809917326,3195677660.0,474824,BDT
AMBEEPHA,Ambee Pharmaceuticals PLC,DSEBD,Health Technology,Pharmaceuticals: Major,780.0,790.0,771.0,787.7,1.2598020311094058,2268576125.0,885,BDT
AMCLPRAN,Agricultural Marketing Co. Ltd.,DSEBD,Consumer Non-Durables,Food: Specialty/Candy,216.0,219.4,214.0,214.5,-0.37157454714352595,1716000000.0,7520,BDT
ANLIMAYARN,Anlima Yarn Dyeing Ltd.,DSEBD,Process Industries,Textiles,20.1,20.5,18.8,19.0,-3.0612244897959253,,164312,BDT
ANWARGALV,Anwar Galvanizing Ltd.,DSEBD,Non-Energy Minerals,Steel,102.2,105.9,102.2,103.5,0.2906976744186019,3124362820.0,788227,BDT
AOL,Associated Oxygen Ltd,DSEBD,Process Industries,Chemicals: Specialty,16.2,16.6,15.8,16.4,3.1446540880503036,1800424720.0,311810,BDT
APEXFOODS,Apex Foods Limited,DSEBD,Consumer Non-Durables,Food: Meat/Fish/Dairy,238.0,238.1,235.4,237.7,0.6350550381033023,1355460399.0,18341,BDT
APEXFOOT,Apex Footwear Ltd.,DSEBD,Consumer Non-Durables,Apparel/Footwear,192.0,192.5,190.2,191.7,0.20909566126501686,3767489158.0,48226,BDT
APEXSPINN,Apex Spinning and Knitting Mills Ltd.,DSEBD,Consumer Non-Durables,Apparel/Footwear,214.5,214.9,209.1,212.0,-0.9808500700607168,1780800000.0,161714,BDT
APEXTANRY,Apex Tannery Limited.,DSEBD,Process Industries,Industrial Specialties,72.0,72.0,70.0,71.0,1.283880171184031,1082039984.0,18435,BDT
APOLOISPAT,Appollo Ispat Complex Ltd.,DSEBD,Non-Energy Minerals,Steel,2.8,2.9,2.7,2.9,7.407407407407398,1163794960.0,2461767,BDT
ARAMIT,Aramit Limited,DSEBD,Non-Energy Minerals,Construction Materials,173.5,175.0,173.5,174.7,0.8660508083140879,1048199982.0000001,6141,BDT
ARAMITCEM,Aramit Cement Limited,DSEBD,Non-Energy Minerals,Construction Materials,12.8,12.8,12.0,12.1,1.680672268907557,409948000.0,37508,BDT
ARGONDENIM,Argon Denims Ltd.,DSEBD,Consumer Non-Durables,Apparel/Footwear,17.6,17.8,17.5,17.6,0.5714285714285796,2444439604.0,188689,BDT
ASIAINS,Asia Insurance PLC,DSEBD,Finance,Property/Casualty Insurance,42.7,42.7,41.1,41.5,-0.9546539379474906,1953398972.0,543364,BDT
ASIAPACINS,Asia Pacific General Insurance PLC,DSEBD,Finance,Property/Casualty Insurance,39.9,40.9,38.3,38.5,-0.7731958762886525,1630474941.0,146245,BDT
ASIATICLAB,Asiatic Laboratories Ltd,DSEBD,Health Technology,Pharmaceuticals: Major,62.8,62.8,57.7,59.1,-3.5889070146818858,,2052964,BDT
ATLASBANG,Atlas Bangladesh Limited,DSEBD,Consumer Durables,Motor Vehicles,57.8,57.8,55.2,55.9,-1.5845070422535186,1851805473.0,2203,BDT
AZIZPIPES,Aziz Pipes Limited.,DSEBD,Producer Manufacturing,Miscellaneous Manufacturing,54.0,57.0,52.6,55.8,3.525046382189237,,108225,BDT
BANGAS,Bangas Limited,DSEBD,Consumer Non-Durables,Food: Specialty/Candy,125.8,127.7,124.8,127.1,2.2526146419951707,969091744.0,127504,BDT
BANKASIA,Bank Asia PLC,DSEBD,Finance,Major Banks,20.9,22.1,20.9,21.9,4.2857142857142785,28086696044.0,7157384,BDT
BARKAPOWER,Baraka Power Ltd.,DSEBD,Utilities,Electric Utilities,8.1,8.2,8.0,8.1,0.0,1907271875.0,336520,BDT
BATASHOE,Bata Shoe Co. (Bangladesh) Ltd.,DSEBD,Consumer Non-Durables,Apparel/Footwear,844.0,855.0,827.0,851.0,1.7455762792922074,11641680260.0,1481,BDT
BATBC,British American Tobacco Bangladesh Co Ltd,DSEBD,Consumer Non-Durables,Tobacco,278.0,278.0,271.5,274.4,-1.2594458438287155,148175996704.0,213217,BDT
BAYLEASING,Bay Leasing and Investment Ltd.,DSEBD,Finance,Finance/Rental/Leasing,5.5,5.8,5.4,5.8,9.433962264150944,858010624.0,1410539,BDT
BBS,Bangladesh Building Systems PLC,DSEBD,Producer Manufacturing,Building Products,10.4,10.6,10.3,10.4,0.0,1694469164.0,787884,BDT
BBSCABLES,BBS Cables PLC,DSEBD,Producer Manufacturing,Electrical Products,16.9,17.3,16.8,17.2,1.775147928994087,3641408078.0,967370,BDT
BDAUTOCA,Bangladesh Autocars Limited,DSEBD,Energy Minerals,Oil & Gas Production,145.0,153.3,144.4,150.7,5.458362491252612,,296855,BDT
BDCOM,BDCOM Online Ltd.,DSEBD,Technology Services,Information Technology Services,27.4,29.0,27.3,28.5,4.779411764705885,1793729078.0,2319102,BDT
BDFINANCE,Bangladesh Finance PLC,DSEBD,Finance,Finance/Rental/Leasing,13.1,13.3,13.0,13.1,0.7692307692307665,2465895171.0,183492,BDT
BDLAMPS,Bangladesh Lamps PLC,DSEBD,Producer Manufacturing,Electrical Products,147.5,148.0,143.8,145.5,0.06877579092159168,1531806082.0,25728,BDT
BDTHAI,Bangladesh Thai Aluminium Ltd.,DSEBD,Non-Energy Minerals,Aluminum,11.7,11.9,11.6,11.7,0.0,1494970439.0,1146377,BDT
BDTHAIFOOD,BD Thai Food & Beverage Ltd.,DSEBD,Consumer Non-Durables,Beverages: Non-Alcoholic,17.8,17.9,17.1,17.5,-0.5681818181818262,,5094771,BDT
BDWELDING,Bangladesh Welding Electrodes Ltd.,DSEBD,Producer Manufacturing,Industrial Machinery,19.0,19.8,17.7,18.4,-5.641025641025648,,208888,BDT
BEACHHATCH,Beach Hatchery Ltd,DSEBD,Process Industries,Agricultural Commodities/Milling,32.0,34.0,32.0,33.4,4.702194357366771,1382794133.0,575297,BDT
BEACONPHAR,Beacon Pharmaceuticals PLC,DSEBD,Health Technology,Pharmaceuticals: Major,109.2,110.5,107.8,109.7,1.292705447830107,25340699295.0,388920,BDT
BENGALWTL,Bengal Windsor Thermoplastics PLC,DSEBD,Producer Manufacturing,Miscellaneous Manufacturing,18.5,18.9,18.2,18.8,3.2967032967033045,1719748691.0,591910,BDT
BERGERPBL,Berger Paints Bangladesh Ltd.,DSEBD,Process Industries,Industrial Specialties,1455.3,1458.3,1437.0,1439.5,-0.1040943789035392,70688074568.0,10688,BDT
BESTHLDNG,Best Holdings PLC,DSEBD,Industrial Services,Engineering & Construction,13.2,13.7,13.1,13.5,3.0534351145038197,14299609680.0,440262,BDT
BEXIMCO,Bangladesh Export Import Company Ltd.,DSEBD,Process Industries,Textiles,110.1,110.1,110.1,110.1,0.0,103850311567.0,14,BDT
BGIC,Bangladesh General Insurance Company PLC,DSEBD,Finance,Property/Casualty Insurance,34.2,34.5,33.9,34.2,0.29325513196481356,1847732197.0,49007,BDT
BIFC,Bangladesh Industrial Finance Company Ltd.,DSEBD,Finance,Finance/Rental/Leasing,5.4,5.5,5.2,5.5,10.0,553739708.0,134181,BDT
BNICL,Bangladesh National Insurance Company Ltd,DSEBD,Finance,Multi-Line Insurance,56.0,57.0,55.2,55.5,0.0,2455875000.0,239979,BDT
BPML,Bashundhara Paper Mill Ltd.,DSEBD,Process Industries,Pulp & Paper,29.5,29.7,28.5,28.9,-0.34482758620690146,5022572633.0,207178,BDT
BPPL,Baraka Patenga Power Ltd.,DSEBD,Utilities,Electric Utilities,15.7,15.8,15.4,15.5,0.0,2681429993.0,1631303,BDT
BRACBANK,BRAC Bank PLC,DSEBD,Finance,Regional Banks,89.1,89.2,86.6,87.5,-1.7957351290684562,174206037903.0,2977472,BDT
BSC,Bangladesh Shipping Corporation,DSEBD,Transportation,Marine Shipping,115.9,116.6,115.2,116.0,0.694444444444442,17694065735.0,745875,BDT
BSCPLC,Bangladesh Submarine Cables PLC,DSEBD,Communications,Specialty Telecommunications,146.2,146.4,144.8,146.0,-0.06844626967829864,27307671936.0,169222,BDT
BSRMLTD,Bangladesh Steel Re-Rolling Mills Ltd.,DSEBD,Non-Energy Minerals,Steel,84.4,85.0,83.9,84.1,0.0,25110966527.0,105246,BDT
BSRMSTEEL,BSRM Steels Limited,DSEBD,Non-Energy Minerals,Steel,72.8,74.9,72.8,74.0,1.5089163237311307,27820486084.0,343724,BDT
BXPHARMA,Beximco Pharmaceuticals Plc,DSEBD,Health Technology,Pharmaceuticals: Major,127.5,132.5,127.0,131.6,3.86740331491712,58708353907.0,1602071,BDT
CAPITECGBF,CAPITEC GRAMEEN BDT10 (MUTUAL FUND) Units,DSEBD,Miscellaneous,Investment Trusts/Mutual Funds,7.0,7.1,6.9,7.0,0.0,,628857,BDT
CAPMBDBLMF,CAPM BDBL Mutual Fund 01 Units,DSEBD,Miscellaneous,Investment Trusts/Mutual Funds,10.2,10.2,9.9,10.1,0.0,,692350,BDT
CAPMIBBLMF,CAPM IBBL Islamic Mutual Fund Units,DSEBD,Miscellaneous,Investment Trusts/Mutual Funds,8.3,8.5,8.3,8.4,1.2048192771084292,,140226,BDT
CENTRALINS,Central Insurance PLC,DSEBD,Finance,Property/Casualty Insurance,42.2,42.8,41.6,41.8,-0.476190476190483,2221453644.0,715212,BDT
CENTRALPHL,Central Pharmaceuticals Ltd.,DSEBD,Health Technology,Pharmaceuticals: Major,9.1,9.2,8.9,9.0,0.0,1078207649.0,546672,BDT
CITYBANK,City Bank PLC,DSEBD,Finance,Major Banks,32.2,33.5,32.2,33.0,2.484472049689432,50200331543.0,15857673,BDT
CITYGENINS,City Insurance PLC,DSEBD,Finance,Multi-Line Insurance,85.7,86.3,85.2,85.6,-0.3492433061699783,5835019323.0,609811,BDT
CLICL,Chartered Life Insurance PLC,DSEBD,Finance,Life/Health Insurance,58.1,59.1,58.1,58.3,-0.3418803418803467,2186249971.0,412776,BDT
CNATEX,C & A Textiles Ltd,DSEBD,Process Industries,Textiles,2.9,3.0,2.8,2.9,0.0,694016406.0,1117364,BDT
CONFIDCEM,Confidence Cement PLC,DSEBD,Non-Energy Minerals,Construction Materials,66.0,70.3,65.6,69.8,6.727828746177357,6020514931.0,1263568,BDT
CONTININS,Continental Insurance PLC,DSEBD,Finance,Multi-Line Insurance,26.1,26.1,25.6,25.9,0.3875968992247979,1131456339.0,144763,BDT
COPPERTECH,Coppertech Industries Ltd,DSEBD,Non-Energy Minerals,Other Metals/Minerals,20.9,20.9,20.1,20.5,0.9852216748768439,1343159931.0,428002,BDT
CROWNCEMNT,Crown Cement PLC,DSEBD,Non-Energy Minerals,Construction Materials,51.3,51.4,50.7,51.1,0.1960784313725518,7588349773.0,7108,BDT
CRYSTALINS,Crystal Insurance Company Ltd,DSEBD,Finance,Property/Casualty Insurance,78.3,78.3,76.0,76.2,0.0,3352799866.0,73475,BDT
CVOPRL,CVO Petrochemical Refinery PLC,DSEBD,Energy Minerals,Oil Refining/Marketing,167.9,168.9,166.5,166.8,0.4214328717640079,5048828420.0,269060,BDT
DACCADYE,Dacca Dyeing and Manufacturing Company Limited,DSEBD,Process Industries,Textiles,18.9,18.9,18.4,18.6,0.0,1621054203.0,181516,BDT
DAFODILCOM,Daffodil Computers PLC.,DSEBD,Distribution Services,Electronics Distributors,59.1,61.3,58.5,60.9,3.7478705281090217,3039657062.0,237785,BDT
DBH,DBH Finance PLC,DSEBD,Finance,Finance/Rental/Leasing,39.1,39.3,38.8,38.9,-0.25641025641026005,7891564175.0,123426,BDT
DBH1STMF,DBH First Mutual Fund Units,DSEBD,Miscellaneous,Investment Trusts/Mutual Funds,4.8,4.9,4.7,4.7,0.0,,1211046,BDT
DELTALIFE,Delta Life Insurance Company Ltd.,DSEBD,Finance,Life/Health Insurance,76.3,77.1,75.1,76.1,0.5284015852047443,9417374811.0,77799,BDT
DELTASPINN,Delta Spinners Limited,DSEBD,Process Industries,Textiles,5.9,6.0,5.7,5.8,0.0,,422158,BDT
DESCO,Dhaka Electric Supply Co. Ltd.,DSEBD,Utilities,Electric Utilities,23.3,23.9,23.3,23.8,0.8474576271186409,9462160787.0,84164,BDT
DESHBANDHU,Deshbandhu Polymer Limited,DSEBD,Health Technology,Biotechnology,16.6,17.4,16.6,17.2,4.242424242424238,1055480634.9999999,1257881,BDT
DGIC,Desh General Insurance Company Ltd,DSEBD,Finance,Insurance Brokers/Services,21.8,21.9,21.5,21.7,0.46296296296295303,868000031.0,54597,BDT
DHAKABANK,Dhaka Bank PLC,DSEBD,Finance,Major Banks,13.9,14.2,13.9,14.0,1.4492753623188355,14797053223.0,7477126,BDT
DHAKAINS,Dhaka Insurance Limited,DSEBD,Finance,Property/Casualty Insurance,39.3,40.5,39.3,39.7,0.7614213197969651,1592962531.0,69715,BDT
DOMINAGE,Dominage Steel Building Systems Ltd,DSEBD,Industrial Services,Engineering & Construction,36.9,37.1,36.1,36.3,-1.358695652173913,3724379866.0,884774,BDT
DOREENPWR,Doreen Power Generations & Systems Ltd.,DSEBD,Utilities,Electric Utilities,29.2,29.5,28.8,29.2,0.0,5288672361.0,442087,BDT
DSHGARME,Desh Garments Limited.,DSEBD,Consumer Non-Durables,Apparel/Footwear,113.6,113.8,111.5,112.0,-0.7971656333038137,928294080.0,30849,BDT
DSSL,Dragon Sweater & Spinning Ltd.,DSEBD,Consumer Non-Durables,Apparel/Footwear,8.8,8.9,8.8,8.8,1.1494252873563382,1854980851.0,876199,BDT
DULAMIACOT,Dulamia Cotton Spinning Mills Limited,DSEBD,Process Industries,Agricultural Commodities/Milling,137.5,138.7,133.5,137.8,2.30141054194508,,69966,BDT
DUTCHBANGL,Dutch-Bangla Bank PLC,DSEBD,Finance,Major Banks,42.7,45.0,42.7,43.8,3.3018867924528266,42341507917.0,1356536,BDT
EASTERNINS,Eastern Insurance PLC,DSEBD,Finance,Multi-Line Insurance,55.6,55.6,53.7,53.8,-0.18552875695733104,2319325799.0,58627,BDT
EASTLAND,Eastland Insurance PLC,DSEBD,Finance,Multi-Line Insurance,21.5,21.7,21.3,21.4,0.0,1795044318.0,185697,BDT
EASTRNLUB,Eastern Lubricants Blenders PLC,DSEBD,Process Industries,Industrial Specialties,1598.8,1598.8,1573.5,1581.2,-0.28378634041748124,3765507811.0,7561,BDT
EBL,Eastern Bank PLC,DSEBD,Finance,Regional Banks,28.4,28.9,28.2,28.7,2.135231316725971,45799844491.0,5723187,BDT
EBL1STMF,EBL First Mutual Fund Units,DSEBD,Miscellaneous,Investment Trusts/Mutual Funds,3.6,3.8,3.6,3.7,0.0,,77310,BDT
EBLNRBMF,EBL NRB Mutual Fund,DSEBD,Miscellaneous,Investment Trusts/Mutual Funds,2.7,2.8,2.7,2.7,3.8461538461538494,,933170,BDT
ECABLES,Eastern Cables Ltd.,DSEBD,Producer Manufacturing,Electrical Products,122.0,122.0,115.8,116.9,-1.1834319526627148,3086159996.0,3100,BDT
EGEN,eGeneration PLC,DSEBD,Commercial Services,Miscellaneous Commercial Services,22.2,22.9,22.0,22.6,2.262443438914027,1695000029.0,2228782,BDT
EHL,Eastern Housing Ltd.,DSEBD,Finance,Real Estate Development,79.6,80.9,79.6,80.2,0.7537688442211162,7486280439.0,120014,BDT
EIL,Express Insurance Ltd.,DSEBD,Finance,Multi-Line Insurance,29.4,29.5,29.0,29.1,-0.34246575342465024,1897246227.0,265548,BDT
EMERALDOIL,Emerald Oil Industries Ltd.,DSEBD,Consumer Non-Durables,Food: Specialty/Candy,15.0,16.3,15.0,16.3,9.395973154362418,1487733706.0,846109,BDT
ENVOYTEX,Envoy Textiles Ltd.,DSEBD,Consumer Non-Durables,Apparel/Footwear,52.0,52.5,51.9,52.3,1.3565891472868135,8772528433.0,242222,BDT
EPGL,Energypac Power Generation PLC,DSEBD,Utilities,Electric Utilities,17.8,17.8,17.1,17.2,-0.5780346820809331,3270807585.0,488107,BDT
ESQUIRENIT,Esquire Knit Composite PLC,DSEBD,Process Industries,Textiles,20.3,21.0,20.3,20.7,1.4705882352941213,2792344063.0,224811,BDT
ETL,Evince Textiles Ltd.,DSEBD,Process Industries,Textiles,10.0,10.1,9.9,10.0,1.0101010101010066,1829519958.0,1625643,BDT
EXIM1STMF,EXIM Bank 1st Mutual Fund 2013- Units,DSEBD,Miscellaneous,Investment Trusts/Mutual Funds,3.1,3.1,2.9,3.0,0.0,,887217,BDT
FAMILYTEX,Familytex (BD) Ltd.,DSEBD,Consumer Non-Durables,Apparel/Footwear,2.0,2.2,2.0,2.2,10.000000000000009,779152831.0,4813328,BDT
FARCHEM,FAR Chemicals Industries Ltd,DSEBD,Process Industries,Chemicals: Specialty,14.1,14.3,14.0,14.2,1.4285714285714235,2173981923.0,93627,BDT
FAREASTFIN,Fareast Finance & Investment Ltd.,DSEBD,Finance,Finance/Rental/Leasing,1.7,1.7,1.6,1.7,6.249999999999992,278907659.0,958819,BDT
FAREASTLIF,Fareast Islami Life Insurance Company Limited,DSEBD,Finance,Life/Health Insurance,24.2,24.3,24.0,24.0,0.0,1793826050.0,10890,BDT
FASFIN,FAS Finance & Investment Limited,DSEBD,Finance,Finance/Rental/Leasing,1.6,1.7,1.6,1.7,6.249999999999992,253431523.0,210537,BDT
FBFIF,First Bangladesh Fixed Income Fund Units,DSEBD,Miscellaneous,Investment Trusts/Mutual Funds,2.9,3.0,2.9,2.9,0.0,,122606,BDT
FEDERALINS,Federal Insurance PLC,DSEBD,Finance,Insurance Brokers/Services,20.8,21.2,20.8,21.1,1.4423076923076956,1498936480.0,125104,BDT
FEKDIL,Far East Knitting & Dyeing Industries PLC.,DSEBD,Consumer Non-Durables,Apparel/Footwear,14.5,14.8,14.5,14.7,0.6849315068493127,3215539274.0,902671,BDT
FINEFOODS,Fine Foods Limited,DSEBD,Process Industries,Agricultural Commodities/Milling,469.5,472.0,468.5,470.9,-0.021231422505312684,6580317883.0,157766,BDT
FIRSTFIN,First Finance Ltd.,DSEBD,Finance,Finance/Rental/Leasing,5.3,5.4,5.1,5.3,5.9999999999999964,659701058.0,553284,BDT
FORTUNE,Fortune Shoes Ltd.,DSEBD,Consumer Non-Durables,Apparel/Footwear,15.0,15.1,14.8,15.0,1.3513513513513467,2559933929.0,366205,BDT
FUWANGCER,Fu-Wang Ceramic Industry Ltd.,DSEBD,Producer Manufacturing,Building Products,11.8,12.3,11.7,12.0,2.56410256410257,1635229065.0,1295237,BDT
FUWANGFOOD,Fu-Wang Foods Limited,DSEBD,Consumer Non-Durables,Food: Specialty/Candy,10.1,10.3,10.0,10.1,0.0,1119476762.0,588688,BDT
GBBPOWER,GBB POWER Ltd.,DSEBD,Utilities,Electric Utilities,8.6,8.8,8.5,8.6,2.3809523809523725,875510641.0,309682,BDT
GEMINISEA,Gemini Sea Food PLC,DSEBD,Consumer Non-Durables,Food: Meat/Fish/Dairy,122.5,123.6,120.6,121.7,0.08223684210527019,1397775374.0,15307,BDT
GENEXIL,Genex Infosys PLC,DSEBD,Commercial Services,Miscellaneous Commercial Services,28.2,28.5,27.8,28.3,1.7985611510791366,3408735469.0,1194180,BDT
GENNEXT,Generation Next Fashions Ltd.,DSEBD,Process Industries,Textiles,2.9,3.0,2.8,2.8,0.0,1385928712.0,1388373,BDT
GHAIL,Golden Harvest Agro Industries Ltd.,DSEBD,Consumer Non-Durables,Food: Specialty/Candy,11.4,12.0,11.4,11.7,3.539823008849545,2525300244.0,1411271,BDT
GHCL,Global Heavy Chemicals Ltd.,DSEBD,Process Industries,Chemicals: Specialty,19.9,20.2,19.5,19.8,1.538461538461542,1425599945.0,61108,BDT
GLDNJMF,ICB AMCL CMSF GOLDEN JUBILEE MUTUAL FUND,DSEBD,Miscellaneous,Investment Trusts/Mutual Funds,6.2,6.2,6.1,6.1,0.0,,515663,BDT
GLOBALINS,Global Insurance PLC,DSEBD,Finance,Property/Casualty Insurance,29.8,29.8,29.2,29.3,-0.3401360544217614,1188166585.0,170446,BDT
GOLDENSON,Golden Son Limited,DSEBD,Consumer Non-Durables,Apparel/Footwear,10.2,10.5,10.2,10.4,1.960784313725501,1785989668.0,688953,BDT
GP,Grameenphone Ltd.,DSEBD,Communications,Wireless Telecommunications,265.9,265.9,261.0,262.1,-1.131648434552999,353913651039.0,519082,BDT
GPHISPAT,GPH Ispat Limited,DSEBD,Non-Energy Minerals,Steel,17.2,17.6,17.1,17.5,2.339181286549699,8467960967.999999,832959,BDT
GQBALLPEN,G.Q. Ball Pen Industries Limited,DSEBD,Producer Manufacturing,Office Equipment/Supplies,539.0,540.1,520.2,523.9,-1.7441860465116408,4677427119.0,34383,BDT
GRAMEENS2,Grameen Mutual Fund One - Grameen Two Units,DSEBD,Miscellaneous,Investment Trusts/Mutual Funds,12.7,12.7,12.5,12.5,-0.7936507936507908,,201530,BDT
GREENDELMF,Green Delta Mutual Fund 2010 Units,DSEBD,Miscellaneous,Investment Trusts/Mutual Funds,3.2,3.2,3.1,3.2,0.0,,130724,BDT
GREENDELT,Green Delta Insurance PLC,DSEBD,Finance,Property/Casualty Insurance,57.4,58.7,56.9,57.3,-0.34782608695652667,5740783456.0,138799,BDT
GSPFINANCE,GSP Finance Company PLC,DSEBD,Finance,Finance/Rental/Leasing,4.7,4.9,4.6,4.9,8.888888888888896,827358840.0,1947541,BDT
HAKKANIPUL,Hakkani Pulp & Paper Mills PLC,DSEBD,Process Industries,Pulp & Paper,74.0,80.1,74.0,74.9,0.0,1423100000.0,354881,BDT
HAMI,Hami Industries PLC,DSEBD,Process Industries,Industrial Specialties,151.3,155.2,149.6,152.3,1.0617120106171352,,74811,BDT
HEIDELBCEM,Heidelberg Materials Bangladesh PLC,DSEBD,Non-Energy Minerals,Construction Materials,235.1,241.5,235.1,240.5,2.5149190110826964,13589114223.0,13053,BDT
HFL,Hamid Fabrics PLC,DSEBD,Process Industries,Textiles,7.3,7.4,7.1,7.4,5.71428571428572,673824118.0,73179,BDT
HRTEX,H.R. Textile Mills Ltd.,DSEBD,Consumer Non-Durables,Apparel/Footwear,18.1,18.4,17.9,18.2,1.6759776536312891,531831330.0,60696,BDT
HWAWELLTEX,Hwa Well Textiles (BD)PLC,DSEBD,Process Industries,Textiles,42.6,42.6,42.2,42.4,0.47393364928908943,2374400085.0,51056,BDT
IBNSINA,BN SINA Pharmaceutical Industry PLC,DSEBD,Health Technology,Pharmaceuticals: Major,330.0,332.5,328.6,329.9,0.0,10307272537.0,150461,BDT
IBP,Indo-Bangla Pharmaceuticals Ltd.,DSEBD,Health Technology,Pharmaceuticals: Major,14.1,14.3,14.0,14.1,0.7142857142857117,1638493044.0,2058417,BDT
ICB,Investment Corporation of Bangladesh,DSEBD,Finance,Investment Banks/Brokers,40.5,41.8,40.5,41.4,2.4752475247524752,35904520244.0,134129,BDT
ICB3RDNRB,ICB AMCL Third NRB Mutual Fund 2010 Units,DSEBD,,,4.6,4.6,4.4,4.4,0.0,,22975,BDT
ICBAGRANI1,ICB AMCL First Agrani Bank Mutual Fund Units,DSEBD,Miscellaneous,Investment Trusts/Mutual Funds,6.5,6.6,6.5,6.5,-1.5151515151515098,,42066,BDT
ICBAMCL2ND,ICB AMCL Second Mutual Fund Units,DSEBD,Miscellaneous,Investment Trusts/Mutual Funds,6.1,6.2,5.8,6.1,0.0,,131986,BDT
ICBEPMF1S1,ICB Employees Provident Mutual Fund One Scheme One Units,DSEBD,Miscellaneous,Investment Trusts/Mutual Funds,4.9,4.9,4.7,4.8,-4.0000000000000036,,255709,BDT
ICBIBANK,ICB Islamic Bank Limited,DSEBD,Finance,Regional Banks,3.2,3.3,3.1,3.3,9.999999999999993,2193517461.0,3870438,BDT
ICBSONALI1,ICB AMCL Sonali Bank Ltd 1st Mutual Fund 2013- Units,DSEBD,Miscellaneous,Investment Trusts/Mutual Funds,4.4,4.6,4.4,4.5,2.2727272727272645,,192195,BDT
ICICL,Islami Commercial Insurance PLC.,DSEBD,Finance,Multi-Line Insurance,22.9,23.1,22.8,23.0,0.8771929824561372,,148201,BDT
IDLC,IDLC Finance PLC.,DSEBD,Finance,Finance/Rental/Leasing,41.9,42.5,41.7,42.4,1.1933174224343674,18506896760.0,530366,BDT
IFADAUTOS,IFAD Autos PLC,DSEBD,Retail Trade,Specialty Stores,22.2,23.1,22.1,22.4,1.3574660633484033,6008887398.0,511995,BDT
IFIC,IFIC Bank PLC,DSEBD,Finance,Major Banks,6.1,6.4,6.1,6.3,4.9999999999999964,12109146387.0,10564379,BDT
IFIC1STMF,IFIC Bank 1st Mutual Fund Units,DSEBD,Miscellaneous,Investment Trusts/Mutual Funds,3.0,3.0,2.9,3.0,3.448275862068969,,1149136,BDT
IFILISLMF1,IFIL Islamic Mutual Fund - 1 Units,DSEBD,Miscellaneous,Investment Trusts/Mutual Funds,4.2,4.2,4.0,4.0,-2.439024390243894,400000000.0,281908,BDT
ILFSL,International Leasing and Financial Services Ltd.,DSEBD,Finance,Finance/Rental/Leasing,1.6,1.6,1.6,1.6,6.666666666666672,354896416.0,1341253,BDT
INDEXAGRO,Index Agro Industries Ltd,DSEBD,Process Industries,Agricultural Commodities/Milling,69.0,70.2,68.8,69.1,0.0,3428488535.0,38515,BDT
INTECH,Intech Ltd.,DSEBD,Communications,Specialty Telecommunications,34.2,37.5,33.5,37.4,9.677419354838701,1171412880.0,3593235,BDT
INTRACO,Intraco Refueling Station PLC,DSEBD,Distribution Services,Wholesale Distributors,19.4,19.5,19.2,19.4,0.5181347150258957,2058172529.9999998,201594,BDT
IPDC,IPDC Finance PLC,DSEBD,Finance,Finance/Rental/Leasing,20.5,20.6,20.2,20.5,0.9852216748768439,8387133194.0,1420005,BDT
ISLAMIBANK,Islami Bank Bangladesh PLC,DSEBD,Finance,Major Banks,44.5,46.0,44.5,45.7,3.6281179138322024,73576571675.0,1316607,BDT
ISLAMICFIN,Islamic Finance & Investment PLC,DSEBD,Finance,Finance/Rental/Leasing,12.1,12.2,11.9,12.0,0.8403361344537785,1683920105.0,1008811,BDT
ISLAMIINS,Islami Insurance Bangladesh Limited,DSEBD,Finance,Property/Casualty Insurance,39.8,39.8,39.1,39.2,-0.2544529262086369,1613676441.0,18440,BDT
ISNLTD,Information Services Network Ltd.,DSEBD,Technology Services,Internet Software/Services,75.2,82.5,74.9,81.2,8.266666666666671,,817929,BDT
ITC,IT Consultants PLC,DSEBD,Commercial Services,Miscellaneous Commercial Services,40.0,40.3,39.8,40.1,1.0075566750629685,5156565735.0,466705,BDT
JAMUNABANK,Jamuna Bank PLC,DSEBD,Finance,Regional Banks,25.6,26.2,25.1,26.1,2.3529411764705936,24516712932.0,5542811,BDT
JAMUNAOIL,Jamuna Oil Company Limited,DSEBD,Energy Minerals,Oil Refining/Marketing,176.4,177.5,176.4,177.0,0.5110732538330527,19545153969.0,36809,BDT
JANATAINS,Janata Insurance PLC,DSEBD,Finance,Multi-Line Insurance,25.7,26.1,25.7,26.0,1.167315175097279,1260547600.0,108065,BDT
JHRML,JMI Hospital Requisite Manufacturing Ltd,DSEBD,Health Technology,Medical Specialties,45.9,45.9,45.0,45.4,-0.2197802197802229,5688353275.0,171166,BDT
JMISMDL,JMI Syringes & Medical Devices Ltd.,DSEBD,Health Technology,Medical Specialties,127.1,129.1,127.1,127.6,-0.15649452269170802,3835145523.0,15833,BDT
JUTESPINN,Jute Spinners Limited,DSEBD,Process Industries,Textiles,246.6,252.8,227.0,245.5,5.4553264604810945,,35863,BDT
KARNAPHULI,Karnaphuli Insurance PLC,DSEBD,Finance,Property/Casualty Insurance,30.7,31.0,30.5,30.6,0.32786885245902103,1373208660.0,299680,BDT
KAY&QUE,Kay and Que (Bangladesh) Ltd.,DSEBD,Producer Manufacturing,Electrical Products,504.0,517.5,485.0,494.1,-1.9448303234768716,3455266005.0,198119,BDT
KBPPWBIL,Khan Brothers PP Woven Bag Industries Ltd,DSEBD,Process Industries,Textiles,50.8,54.8,50.8,54.5,7.495069033530566,5345353031.0,5358808,BDT
KDSALTD,KDS Accessories Ltd.,DSEBD,Consumer Services,Movies/Entertainment,42.4,42.7,42.3,42.4,0.23640661938534616,3169038780.0,332788,BDT
KEYACOSMET,Keya Cosmetic Ltd.,DSEBD,Consumer Non-Durables,Household/Personal Care,5.5,5.7,5.5,5.5,0.0,6062745605.0,945935,BDT
KOHINOOR,Kohinoor Chemical Co. (Bangladesh) Ltd.,DSEBD,Consumer Non-Durables,Household/Personal Care,522.0,522.0,518.1,520.7,0.6378044066486409,21233049417.0,7600,BDT
KPCL,Khulna Power Company Ltd.,DSEBD,Utilities,Electric Utilities,11.1,11.1,10.9,11.0,0.9174311926605472,4371544952.0,266663,BDT
KPPL,Khulna Printing & Packaging Ltd,DSEBD,Process Industries,Containers/Packaging,18.2,18.2,16.5,16.9,1.807228915662633,1234375988.0,1210362,BDT
KTL,Kattali Textile Ltd.,DSEBD,Consumer Non-Durables,Apparel/Footwear,9.6,9.7,9.5,9.5,0.0,1104899460.0,192344,BDT
LANKABAFIN,LankaBangla Finance PLC,DSEBD,Finance,Finance/Rental/Leasing,15.5,15.8,15.5,15.6,1.298701298701294,8405882724.999999,1123230,BDT
LEGACYFOOT,Legacy Footwear Ltd.,DSEBD,Consumer Non-Durables,Apparel/Footwear,58.0,58.5,56.9,57.2,-0.694444444444442,2464174828.0,242344,BDT
LHB,LafargeHolcim Bangladesh PLC,DSEBD,Non-Energy Minerals,Construction Materials,54.0,54.7,53.9,54.5,1.113172541743973,63294857666.0,978102,BDT
LIBRAINFU,Libra Infusions Ltd.,DSEBD,Health Technology,Pharmaceuticals: Major,675.0,679.9,670.0,673.1,0.20842638082476955,1516413377.0,3629,BDT
LINDEBD,Linde Bangladesh Limited,DSEBD,Process Industries,Chemicals: Specialty,836.8,843.9,836.1,837.8,0.23929169657812877,12749874663.0,3420,BDT
LOVELLO,Taufika Foods and Lovello Ice-cream PLC,DSEBD,Consumer Non-Durables,Food: Meat/Fish/Dairy,61.3,70.4,61.3,70.0,3.0927835051546304,6872250214.0,1934343,BDT
LRBDL,Lub-rref (Bangladesh) Ltd,DSEBD,Process Industries,Industrial Specialties,9.9,10.1,9.8,10.0,1.0101010101010066,1452431335.0,249966,BDT
LRGLOBMF1,LR Global Bangladesh Mutual Fund One Units,DSEBD,Miscellaneous,Investment Trusts/Mutual Funds,3.1,3.1,3.0,3.0,0.0,,25924,BDT
MAGURAPLEX,Magura Multiplex PLC,DSEBD,Consumer Services,Publishing: Books/Magazines,90.7,91.3,90.0,90.2,0.11098779134296176,,120665,BDT
MAKSONSPIN,Maksons Spinning Mills PLC,DSEBD,Process Industries,Textiles,6.0,6.1,5.8,5.9,0.0,1405571942.0,246422,BDT
MALEKSPIN,Malek Spinning Mills PLC,DSEBD,Process Industries,Textiles,29.4,29.5,29.2,29.2,0.34364261168384147,5653120326.0,1147282,BDT
MARICO,Marico Bangladesh Limited.,DSEBD,Consumer Non-Durables,Household/Personal Care,2852.0,2897.0,2852.0,2877.1,0.9154682567520136,90628653076.0,2309,BDT
MATINSPINN,Matin Spinning PLC,DSEBD,Process Industries,Textiles,48.1,49.0,48.0,48.1,0.0,4689268748.0,42996,BDT
MBL1STMF,MBL 1st Mutual Fund 2010- Units,DSEBD,Miscellaneous,Investment Trusts/Mutual Funds,4.0,4.1,4.0,4.0,0.0,,236673,BDT
MEGCONMILK,Meghna Condensed Milk Industries Ltd.,DSEBD,Consumer Non-Durables,Food: Meat/Fish/Dairy,29.5,29.5,27.2,28.0,4.089219330855024,,335423,BDT
MEGHNACEM,Meghna Cement Mills PLC,DSEBD,Non-Energy Minerals,Construction Materials,33.9,34.4,33.8,33.9,-0.5865102639296271,1070851201.0,19422,BDT
MEGHNAINS,Meghna Insurance PLC,DSEBD,Finance,Multi-Line Insurance,31.0,31.0,30.2,30.3,-0.6557377049180304,,918541,BDT
MEGHNALIFE,Meghna Life Insurance PLC,DSEBD,Finance,Life/Health Insurance,55.0,55.6,54.7,55.1,-0.18115942028985763,2336527559.0,209061,BDT
MEGHNAPET,Meghna Pet Industries Ltd.,DSEBD,Consumer Non-Durables,Food: Specialty/Candy,26.3,27.1,25.0,26.1,0.7722007722007832,,77764,BDT
MERCANBANK,Mercantile Bank PLC,DSEBD,Finance,Major Banks,8.9,9.0,8.8,9.0,2.2727272727272645,9959177856.0,2838705,BDT
MERCINS,Mercantile Islami Insurance PLC,DSEBD,Finance,Property/Casualty Insurance,25.1,25.2,24.7,24.8,0.4048582995951474,1068764889.9999999,17962,BDT
METROSPIN,Metro Spinning Ltd.,DSEBD,Process Industries,Textiles,8.9,8.9,8.6,8.7,-1.1363636363636525,536774960.99999994,65318,BDT
MHSML,Mozaffar Hossain Spinning Mills Ltd.,DSEBD,Process Industries,Textiles,20.0,20.0,19.3,19.9,1.5306122448979447,2009768177.0,1307041,BDT
MIDASFIN,MIDAS Financing PLC,DSEBD,Finance,Finance/Rental/Leasing,6.7,7.1,6.7,7.0,4.477611940298504,1007247513.0,319211,BDT
MIDLANDBNK,Midland Bank PLC,DSEBD,Finance,Regional Banks,17.9,18.1,17.8,17.8,0.5649717514124375,,1466397,BDT
MIRACLEIND,Miracle Industries Limited,DSEBD,Process Industries,Containers/Packaging,32.2,32.8,31.8,32.1,0.31250000000000444,1130501010.0,100618,BDT
MIRAKHTER,Mir Akhter Hossain Ltd,DSEBD,Industrial Services,Engineering & Construction,29.6,29.7,29.1,29.3,-0.3401360544217614,3538606188.0,362643,BDT
MITHUNKNIT,Mithun Knitting & Dyeing (CEPZ) Ltd.,DSEBD,Process Industries,Textiles,16.7,16.7,16.1,16.3,3.164556962025316,,12863,BDT
MJLBD,MJL Bangladesh PLC,DSEBD,Process Industries,Industrial Specialties,92.2,93.6,92.2,93.1,-0.10729613733906494,29489614876.0,56378,BDT
MLDYEING,M.L. Dyeing & Textile Ind. PLC,DSEBD,Process Industries,Textiles,9.0,9.1,8.9,9.0,1.1235955056179736,2091906876.0,1812868,BDT
MONNOAGML,Monno Agro & General Machinery Ltd.,DSEBD,Producer Manufacturing,Industrial Machinery,347.0,397.0,347.0,378.4,-0.34237555965236016,1665056722.0,32934,BDT
MONNOCERA,Monno Ceramic Industries Limited.,DSEBD,Consumer Durables,Home Furnishings,89.5,89.5,87.4,87.7,0.22857142857143184,3308422367.0,326728,BDT
MONNOFABR,Monno Fabrics Ltd.,DSEBD,Process Industries,Textiles,23.9,24.6,23.9,24.3,2.966101694915251,2794500000.0,2868735,BDT
MONOSPOOL,Monospool Bangladesh PLC,DSEBD,Process Industries,Pulp & Paper,99.8,100.8,99.6,100.1,1.4184397163120481,,293853,BDT
MPETROLEUM,Meghna Petroleum Limited,DSEBD,Distribution Services,Wholesale Distributors,202.3,203.0,201.2,201.9,0.44776119402985354,21848831995.0,11910,BDT
MTB,Mutual Trust Bank PLC,DSEBD,Finance,Major Banks,13.6,13.8,13.6,13.7,1.481481481481476,14815614943.0,1421704,BDT
NAHEEACP,Nahee Aluminum Composite Panel PLC,DSEBD,Non-Energy Minerals,Aluminum,22.8,22.8,22.2,22.5,-1.3157894736842135,1538103447.0,1443482,BDT
NATLIFEINS,National Life Insurance PLC,DSEBD,Finance,Life/Health Insurance,104.2,104.5,104.0,104.2,0.09606147934679013,11307990810.0,74555,BDT
NAVANACNG,Navana CNG Limited,DSEBD,Utilities,Gas Distributors,21.0,21.2,20.8,20.9,-0.476190476190483,1579052917.0,90866,BDT
NAVANAPHAR,Navana Pharmaceuticals PLC,DSEBD,Health Technology,Pharmaceuticals: Major,61.2,62.9,61.2,62.7,2.955665024630549,,599360,BDT
NBL,National Bank PLC,DSEBD,Finance,Regional Banks,4.9,5.0,4.9,5.0,4.1666666666666705,16098697510.0,4052677,BDT
NCCBANK,National Credit and Commerce Bank PLC,DSEBD,Finance,Major Banks,13.0,13.4,12.9,13.3,3.1007751937984525,14768627385.0,1872632,BDT
NCCBLMF1,NCCBL Mutual Fund-1 2012- Dividend Units,DSEBD,Miscellaneous,Investment Trusts/Mutual Funds,4.3,4.3,4.2,4.2,0.0,,26150,BDT
NEWLINE,New Line Clothings Ltd.,DSEBD,Consumer Non-Durables,Apparel/Footwear,5.2,5.3,5.1,5.2,1.960784313725501,408369745.0,167884,BDT
NFML,National Feed Mill Ltd,DSEBD,Process Industries,Agricultural Commodities/Milling,16.3,16.4,15.8,16.0,-0.6211180124223691,1493781250.0,1169790,BDT
NHFIL,National Housing Finance PLC,DSEBD,Finance,Finance/Rental/Leasing,25.0,25.2,24.8,25.1,1.2096774193548416,3231231330.0,346162,BDT
NITOLINS,Nitol Insurance PLC,DSEBD,Finance,Multi-Line Insurance,30.4,31.0,29.0,29.9,1.0135135135135038,1262318824.0,94669,BDT
NORTHERN,Northern Jute Manufacturing Co. Ltd.,DSEBD,Process Industries,Textiles,110.0,116.8,110.0,116.8,9.981167608286247,250185602.0,42273,BDT
NORTHRNINS,Northern Islami Insurance PLC,DSEBD,Finance,Property/Casualty Insurance,30.5,31.3,30.4,30.9,1.3114754098360608,1318182074.0,28112,BDT
NPOLYMER,National Polymer Industries PLC,DSEBD,Producer Manufacturing,Miscellaneous Manufacturing,28.5,28.8,27.8,28.5,2.8880866425992804,2080035449.9999998,158239,BDT
NRBBANK,NRB Bank PLC,DSEBD,Finance,Regional Banks,7.0,7.3,7.0,7.2,2.85714285714286,4972227407.0,481590,BDT
NRBCBANK,NRBC Bank PLC,DSEBD,Finance,Major Banks,6.6,6.9,6.5,6.6,1.538461538461533,5469086859.0,406933,BDT
NTC,National Tea Company Limited,DSEBD,Consumer Non-Durables,Food: Major Diversified,172.0,174.9,168.2,169.2,1.1961722488038278,5033699909.0,8563,BDT
NTLTUBES,National Tubes Limited,DSEBD,Producer Manufacturing,Miscellaneous Manufacturing,64.3,65.0,62.8,63.7,-0.3129890453834049,2218148944.0,69847,BDT
NURANI,Nurani Dyeing & Sweater Ltd.,DSEBD,Consumer Non-Durables,Apparel/Footwear,2.7,2.8,2.7,2.7,0.0,331087500.0,81202,BDT
OAL,Olympic Accessories Ltd,DSEBD,Producer Manufacturing,Office Equipment/Supplies,6.2,6.4,6.2,6.3,1.6129032258064457,1068019894.9999999,289310,BDT
OIMEX,Oimex Electrode Ltd.,DSEBD,Producer Manufacturing,Metal Fabrication,13.2,13.5,13.0,13.0,0.0,950102112.0,288866,BDT
OLYMPIC,Olympic Industries PLC.,DSEBD,Consumer Non-Durables,Food: Specialty/Candy,160.0,161.5,156.5,157.8,-0.8170961659333645,31550354815.0,590369,BDT
ONEBANKPLC,One Bank PLC,DSEBD,Finance,Major Banks,8.2,8.4,8.1,8.2,1.2345679012345634,8739739372.0,3429700,BDT
ORIONINFU,Orion Infusion Ltd.,DSEBD,Health Technology,Pharmaceuticals: Major,372.6,385.8,372.0,382.0,3.2432432432432434,7777428429.0,826168,BDT
ORIONPHARM,Orion Pharma Ltd.,DSEBD,Health Technology,Pharmaceuticals: Major,31.0,31.7,30.9,31.6,2.9315960912052184,7394400089.0,372832,BDT
PADMALIFE,Padma Islami Life Insurance Ltd.,DSEBD,Finance,Life/Health Insurance,17.5,17.6,17.4,17.5,0.0,680400019.0,75705,BDT
PADMAOIL,Padma Oil PLC,DSEBD,Distribution Services,Wholesale Distributors,181.8,183.0,181.8,182.5,0.27472527472527475,17927476864.0,164889,BDT
PARAMOUNT,Paramount Insurance PLC.,DSEBD,Finance,Property/Casualty Insurance,54.7,54.7,52.5,53.3,-0.929368029739777,2167442688.0,306677,BDT
PDL,Pacific Denims Ltd.,DSEBD,Process Industries,Textiles,4.7,4.8,4.4,4.4,-4.347826086956506,815696813.0,498112,BDT
PENINSULA,The Peninsula Chittagong PLC,DSEBD,Consumer Services,Hotels/Resorts/Cruise lines,22.6,22.6,22.1,22.2,0.4524886877827958,2634402913.0,521794,BDT
PEOPLESINS,Peoples Insurance PLC,DSEBD,Finance,Multi-Line Insurance,41.4,41.4,39.9,40.1,-0.7425742574257356,1852619960.0,270292,BDT
PF1STMF,Phoenix Finance 1st Mutual Fund Units,DSEBD,,,5.1,5.1,5.0,5.0,0.0,,507578,BDT
PHARMAID,Pharma Aids Limited.,DSEBD,Process Industries,Containers/Packaging,570.0,572.9,565.2,566.8,-0.40414689861185527,1768416000.0,5687,BDT
PHENIXINS,Phoenix Insurance PLC,DSEBD,Finance,Multi-Line Insurance,31.2,31.8,30.5,30.8,-1.2820512820512775,1242521280.0,167181,BDT
PHOENIXFIN,Phoenix Finance and Investments Ltd.,DSEBD,Finance,Finance/Rental/Leasing,4.3,4.7,4.3,4.5,4.651162790697678,746433861.0,1506209,BDT
PHPMF1,PHP First Mutual Fund Units 2010-,DSEBD,Miscellaneous,Investment Trusts/Mutual Funds,2.8,2.9,2.7,2.8,3.7037037037036904,789301100.0,1033498,BDT
PIONEERINS,Pioneer Insurance PLC,DSEBD,Finance,Multi-Line Insurance,53.8,53.8,53.0,53.1,-0.18796992481203273,5193255365.0,146643,BDT
PLFSL,Peoples Leasing and Financial Services Ltd.,DSEBD,Finance,Finance/Rental/Leasing,1.7,1.7,1.6,1.7,6.249999999999992,485249003.0,1867249,BDT
POPULAR1MF,Popular Life First Mutual Fund Units 2010-,DSEBD,Miscellaneous,Investment Trusts/Mutual Funds,2.8,2.9,2.8,2.9,7.407407407407398,,500364,BDT
POPULARLIF,Popular Life Insurance Co. Ltd.,DSEBD,Finance,Life/Health Insurance,52.8,52.8,51.3,51.6,0.19417475728155617,3118103283.0,320037,BDT
POWERGRID,Power Grid Co. of Bangladesh Ltd.,DSEBD,Utilities,Electric Utilities,31.7,32.1,31.6,31.8,0.632911392405061,29059062120.0,49537,BDT
PRAGATIINS,Pragati Insurance PLC,DSEBD,Finance,Property/Casualty Insurance,77.0,77.1,75.9,76.2,0.2631578947368458,6008299880.0,338179,BDT
PRAGATILIF,Pragati Life Insurance PLC,DSEBD,Finance,Life/Health Insurance,241.9,246.0,240.7,244.7,2.6856903063365407,7963831895.0,163024,BDT
PREMIERBAN,The Premier Bank PLC,DSEBD,Finance,Major Banks,5.6,5.7,5.5,5.6,3.7037037037036904,6907214335.0,1721736,BDT
PREMIERCEM,Premier Cement Mills PLC,DSEBD,Non-Energy Minerals,Construction Materials,39.7,40.2,39.0,39.9,2.307692307692304,4207455039.0000005,78280,BDT
PREMIERLEA,Premier Leasing & Finance Limited,DSEBD,Finance,Finance/Rental/Leasing,1.8,1.8,1.8,1.8,5.882352941176476,239346353.0,398461,BDT
PRIME1ICBA,Prime Bank 1st ICB AMCL Mutual Fund Units,DSEBD,Miscellaneous,Investment Trusts/Mutual Funds,4.4,4.5,4.4,4.4,0.0,,10019,BDT
PRIMEBANK,Prime Bank PLC,DSEBD,Finance,Regional Banks,34.3,34.8,34.0,34.1,-0.583090379008734,39576136877.0,1628135,BDT
PRIMEFIN,Prime Finance and Investment Ltd.,DSEBD,Finance,Finance/Rental/Leasing,4.0,4.0,3.7,4.0,8.108108108108103,1091665894.0,2588562,BDT
PRIMEINSUR,Prime Islami Insurance PLC,DSEBD,Finance,Property/Casualty Insurance,33.6,33.6,32.2,32.8,0.0,1340781799.0,59785,BDT
PRIMELIFE,Prime Life Insurance Company Limited,DSEBD,Finance,Life/Health Insurance,37.0,37.0,36.1,36.4,-0.8174386920981042,1110936464.0,29512,BDT
PRIMETEX,Prime Textile Spining Mills Ltd.,DSEBD,Process Industries,Textiles,14.3,15.5,14.3,15.1,5.594405594405587,576820000.0,125687,BDT
PROGRESLIF,Progressive Life Insurance Co. Ltd.,DSEBD,Finance,Life/Health Insurance,46.5,46.5,43.6,43.9,-1.348314606741576,730636480.0,31557,BDT
PROVATIINS,Provati Insurance PLC,DSEBD,Finance,Multi-Line Insurance,32.1,33.0,32.1,32.9,1.54320987654321,1326272652.0,150545,BDT
PTL,Paramount Textile PLC,DSEBD,Process Industries,Textiles,55.9,57.0,55.4,55.8,0.7220216606498169,9994722748.0,604516,BDT
PUBALIBANK,Pubali Bank PLC,DSEBD,Finance,Regional Banks,40.0,40.3,39.9,40.0,0.0,52057392578.0,532502,BDT
PURABIGEN,Purabi General Insurance Co. Ltd.,DSEBD,Finance,Property/Casualty Insurance,22.0,22.1,21.7,21.9,0.9216589861751119,1309893750.0,68605,BDT
QUASEMIND,Quasem Industries Limited.,DSEBD,Producer Manufacturing,Electrical Products,41.9,42.1,41.6,41.8,0.48076923076922046,3678362939.0,495848,BDT
QUEENSOUTH,Queen South Textile Mills Ltd.,DSEBD,Process Industries,Textiles,11.4,11.9,11.4,11.8,3.5087719298245648,1800697026.0,1401532,BDT
RAHIMAFOOD,Rahima Food Corporation Ltd.,DSEBD,Process Industries,Agricultural Commodities/Milling,141.1,146.0,141.1,143.1,-0.41753653444676014,2862028508.0,240219,BDT
RAHIMTEXT,Rahim Textile Mills Ltd.,DSEBD,Process Industries,Textiles,218.0,219.2,213.6,215.1,-0.13927576601671837,2034777756.0,52103,BDT
RAKCERAMIC,RAK Ceramics (Baneladesh) Limited,DSEBD,Producer Manufacturing,Building Products,24.7,24.7,24.2,24.5,-1.2096774193548416,10485233627.0,243649,BDT
RANFOUNDRY,Rangpur Foundry Limited,DSEBD,Electronic Technology,Electronic Production Equipment,153.0,153.0,148.8,149.1,0.539447066756563,1491000000.0,12974,BDT
RDFOOD,Rangpur Dairy and Food Products Limited,DSEBD,Consumer Non-Durables,Food: Meat/Fish/Dairy,21.6,21.7,21.1,21.3,-0.4672897196261583,1666792543.0,1345435,BDT
RECKITTBEN,Reckitt Benckiser (Bangladesh) PLC,DSEBD,Consumer Non-Durables,Household/Personal Care,3579.0,3580.0,3552.0,3561.6,-0.016843523665148196,16828560121.999998,1239,BDT
REGENTTEX,Regent Textile Mills Ltd.,DSEBD,Process Industries,Textiles,4.1,4.2,4.0,4.0,-2.439024390243894,514448546.99999994,161231,BDT
RELIANCE1,Reliance Insurance Mutual Fund Reliance One Units,DSEBD,Miscellaneous,Investment Trusts/Mutual Funds,13.6,13.7,13.3,13.3,-2.2058823529411686,,1115139,BDT
RELIANCINS,Reliance Insurance PLC,DSEBD,Finance,Multi-Line Insurance,73.4,74.8,73.4,73.9,0.8185538881309802,7771404492.0,30843,BDT
RENATA,Renata PLC,DSEBD,Health Technology,Pharmaceuticals: Major,460.3,460.3,451.0,454.0,-0.8950010914647507,52072208755.0,36477,BDT
RENWICKJA,Renwick Janeswar and Co. (BD) Limited,DSEBD,Process Industries,Agricultural Commodities/Milling,526.7,553.6,526.7,553.5,7.475728155339806,1107000000.0,2528,BDT
REPUBLIC,Republic Insurance PLC,DSEBD,Finance,Multi-Line Insurance,33.6,34.2,33.0,33.3,-0.8928571428571555,1821648319.0,146248,BDT
RINGSHINE,Ring Shine Textiles Ltd.,DSEBD,Process Industries,Textiles,3.5,3.5,3.3,3.3,-2.941176470588238,1651032938.0,1009576,BDT
ROBI,Robi Axiata PLc,DSEBD,Communications,Wireless Telecommunications,31.8,33.3,31.6,32.9,3.785488958990534,172328007162.0,15654997,BDT
RSRMSTEEL,Ratanpur Steel Re-Rolling Mills Ltd,DSEBD,Producer Manufacturing,Metal Fabrication,7.7,8.2,7.7,8.1,1.2499999999999956,819631643.0,50478,BDT
RUNNERAUTO,Runner Automobiles PLC,DSEBD,Consumer Durables,Motor Vehicles,34.4,34.4,33.7,34.0,0.29498525073746734,3860357697.0,257701,BDT
RUPALIBANK,Rupali Bank PLC,DSEBD,Finance,Regional Banks,19.7,20.0,19.7,19.8,1.0204081632653024,9661054572.0,354218,BDT
RUPALIINS,Rupali Insurance Company Ltd.,DSEBD,Finance,Property/Casualty Insurance,23.4,23.7,23.2,23.4,0.0,1793970633.0,114835,BDT
RUPALILIFE,Rupali Life Insurance Co. Ltd.,DSEBD,Finance,Life/Health Insurance,88.2,89.0,87.5,87.9,0.5720823798627002,2638251597.0,226897,BDT
SAFKOSPINN,Safko Spinning Mills Limited,DSEBD,Process Industries,Textiles,14.6,14.6,13.8,14.3,0.0,,40562,BDT
SAIFPOWER,SAIF Powertec Ltd.,DSEBD,Producer Manufacturing,Industrial Machinery,6.6,6.7,6.4,6.5,0.0,2465701248.0,729877,BDT
SAIHAMCOT,Saiham Cotton Mills Ltd.,DSEBD,Process Industries,Textiles,21.2,21.3,20.9,21.0,0.0,3124275192.0,2481617,BDT
SAIHAMTEX,Saiham Textile Mills Ltd.,DSEBD,Process Industries,Textiles,22.4,22.6,22.2,22.3,0.45045045045045684,2019543511.0,1068059,BDT
SALAMCRST,S. Alam Cold Rolled Steels Limited,DSEBD,Non-Energy Minerals,Steel,15.5,16.7,15.5,16.7,9.868421052631579,1642797468.0,1445232,BDT
SALVO,Salvo Organic Industries PLC,DSEBD,Process Industries,Chemicals: Specialty,31.5,33.8,31.5,33.6,4.347826086956517,2184765868.0,3283069,BDT
SAMATALETH,Samata Leather Complex (Pvt.) Ltd.,DSEBD,Process Industries,Textiles,98.8,98.8,92.0,94.1,-2.587991718426501,990534277.0,130714,BDT
SAMORITA,Samorita Hospital Ltd.,DSEBD,Health Services,Hospital/Nursing Management,71.5,72.2,71.0,71.2,-0.2801120448179311,1552223842.0,35473,BDT
SANDHANINS,Shandhani Life Insurance Co.Ltd,DSEBD,Finance,Life/Health Insurance,21.3,21.3,21.0,21.2,0.0,2325611067.0,213668,BDT
SAPORTL,Summit Alliance Port Limited,DSEBD,Transportation,Other Transportation,47.0,48.0,47.0,47.7,1.7057569296375357,11298562113.0,3247599,BDT
SBACBANK,SBAC Bank PLC.,DSEBD,Finance,Regional Banks,7.1,7.3,7.1,7.2,2.85714285714286,,499025,BDT
SEAPEARL,Sea Pearl Beach Resort & Spa Ltd.,DSEBD,Consumer Services,Hotels/Resorts/Cruise lines,33.1,34.4,33.0,34.3,4.573170731707318,4141724908.0,1169894,BDT
SEMLFBSLGF,SEML FBLSL Growth Fund Units,DSEBD,Miscellaneous,Investment Trusts/Mutual Funds,5.4,5.4,5.3,5.3,-1.8518518518518614,,133454,BDT
SEMLIBBLSF,SEML IBBL Shariah Fund Units,DSEBD,Miscellaneous,Investment Trusts/Mutual Funds,6.3,6.3,6.0,6.1,-1.6129032258064602,,43512,BDT
SHAHJABANK,Shahjalal Islami Bank PLC,DSEBD,Finance,Major Banks,18.7,18.7,18.4,18.6,1.086956521739146,20701212363.0,1123141,BDT
SHARPIND,Sharp Industries PLC,DSEBD,Process Industries,Textiles,15.5,17.4,15.5,16.7,-1.1834319526627177,5067650091.0,212040,BDT
SHASHADNIM,Shasha Denims PLC,DSEBD,Process Industries,Textiles,18.7,19.1,18.4,19.0,3.8251366120218537,2679682175.0,576915,BDT
SHEPHERD,Shepherd Industries PLC,DSEBD,Process Industries,Textiles,13.5,13.6,13.2,13.4,0.7518796992481176,2064222546.0,614659,BDT
SHURWID,Shurwid Industries Ltd,DSEBD,Process Industries,Containers/Packaging,6.7,6.7,6.6,6.6,0.0,378627158.0,231481,BDT
SHYAMPSUG,Shyampur Sugar Mills Ltd.,DSEBD,Process Industries,Agricultural Commodities/Milling,166.0,174.9,166.0,169.8,0.8313539192399083,,21527,BDT
SICL,"Sikder Insurance Co., Ltd.",DSEBD,Finance,Property/Casualty Insurance,21.4,21.4,20.8,21.1,0.0,,158747,BDT
SILCOPHL,Silco Pharmaceuticals Ltd.,DSEBD,Health Technology,Pharmaceuticals: Major,14.9,15.0,14.7,14.8,-1.3333333333333286,1536343608.0,467664,BDT
SILVAPHL,Silva Pharmaceuticals Ltd.,DSEBD,Health Technology,Pharmaceuticals: Major,10.0,10.2,10.0,10.1,0.9999999999999963,1378650052.0,413403,BDT
SIMTEX,Simtex Industries PLC,DSEBD,Process Industries,Textiles,23.9,24.5,23.9,24.1,0.8368200836820203,1918248753.0,2257699,BDT
SINGERBD,Singer Bangladesh Limited,DSEBD,Consumer Durables,Electronics/Appliances,90.9,90.9,89.9,89.9,-1.1001100110011,8963285712.0,9147,BDT
SINOBANGLA,Sinobangla Industries Ltd.,DSEBD,Process Industries,Containers/Packaging,53.0,53.0,51.5,51.7,-1.1472275334607922,1566246330.0,760442,BDT
SIPLC,Sena Insurance PLC,DSEBD,Finance,Insurance Brokers/Services,60.4,61.7,60.2,61.2,2.341137123745829,,525433,BDT
SKTRIMS,SK Trims & Industries Ltd.,DSEBD,Process Industries,Textiles,8.5,8.7,8.1,8.3,-2.35294117647058,703009991.0,339518,BDT
SONALIANSH,Sonali Aansh Industries Limited.,DSEBD,Process Industries,Textiles,174.7,176.3,174.6,175.1,0.28636884306987404,1899484791.0,54595,BDT
SONALILIFE,Sonali Life Insurance Company Ltd,DSEBD,Finance,Life/Health Insurance,63.2,64.3,62.0,62.6,-1.417322834645667,2973499928.0,124896,BDT
SONALIPAPR,Sonali Paper & Board Mills Ltd.,DSEBD,Process Industries,Pulp & Paper,256.9,258.4,254.0,255.2,0.47244094488188526,8407611524.0,206263,BDT
SONARBAINS,Sonar Bangla Insurance Ltd.,DSEBD,Finance,Property/Casualty Insurance,29.6,29.6,28.6,28.8,-0.3460207612456674,1210853178.0,51075,BDT
SONARGAON,Sonargaon Textiles Limited.,DSEBD,Process Industries,Agricultural Commodities/Milling,42.9,45.7,42.1,44.5,3.729603729603733,,1747417,BDT
SOUTHEASTB,Southeast Bank PLC,DSEBD,Finance,Major Banks,9.7,9.8,9.6,9.7,1.041666666666663,12972744459.0,413640,BDT
SPCERAMICS,Shinepukur Ceramics PLC,DSEBD,Consumer Durables,Home Furnishings,15.8,17.1,15.6,17.1,9.615384615384627,2513119497.0,4182478,BDT
SPCL,Shahjibazar Power Co Ltd,DSEBD,Utilities,Electric Utilities,51.4,51.4,50.6,50.7,0.0,9462223394.0,1081621,BDT
SQUARETEXT,Square Textiles PLC,DSEBD,Process Industries,Textiles,50.4,50.5,49.5,49.7,-0.20080321285139419,9803424496.0,53144,BDT
SQURPHARMA,Square Pharmaceuticals PLC,DSEBD,Health Technology,Pharmaceuticals: Major,227.0,227.0,225.2,225.7,-0.17691287041132495,200071985460.0,701328,BDT
SSSTEEL,S.S. Steel Ltd,DSEBD,Non-Energy Minerals,Steel,4.7,4.8,4.6,4.8,4.347826086956526,1577439320.0,417464,BDT
STANCERAM,Standard Ceramic Industries Ltd.,DSEBD,Consumer Durables,Home Furnishings,71.0,74.6,71.0,73.3,0.8253094910591393,473565662.0,12926,BDT
STANDARINS,Standard Insurance PLC,DSEBD,Finance,Property/Casualty Insurance,40.8,41.5,40.7,41.1,0.0,1779489894.0,156813,BDT
STANDBANKL,Standard Bank PLC,DSEBD,Finance,Major Banks,5.7,5.8,5.6,5.7,3.63636363636364,6360300813.0,790010,BDT
STYLECRAFT,Stylecraft Limited,DSEBD,Consumer Non-Durables,Apparel/Footwear,52.0,53.0,51.4,52.8,2.5242718446601886,733114809.0,22899,BDT
SUMITPOWER,Summit Power Ltd.,DSEBD,Utilities,Electric Utilities,14.1,14.7,14.0,14.6,4.285714285714283,15591007487.0,2475584,BDT
SUNLIFEINS,Sunlife Insurance Co. Ltd.,DSEBD,Finance,Life/Health Insurance,53.7,54.8,53.4,54.5,1.301115241635693,1948957539.0,625006,BDT
TAKAFULINS,Takaful Islami Insurance PLC,DSEBD,Finance,Multi-Line Insurance,33.8,33.8,32.9,33.2,0.911854103343478,1413887606.0,7708,BDT
TALLUSPIN,Tallu Spinning Mills Limited,DSEBD,Process Industries,Textiles,8.2,8.5,8.2,8.2,0.0,732550041.0,756824,BDT
TAMIJTEX,Tamijuddin Textile Mills PLC,DSEBD,Consumer Non-Durables,Apparel/Footwear,125.1,126.9,123.6,124.8,-0.5577689243027911,4127291263.0,74845,BDT
TECHNODRUG,Techno Drugs Ltd.,DSEBD,Health Technology,Pharmaceuticals: Major,31.5,31.9,31.3,31.8,1.9230769230769278,,764378,BDT
TILIL,Trust Islami Life Insurance Ltd.,DSEBD,Finance,Life/Health Insurance,46.1,46.8,45.8,46.2,0.4347826086956583,,285353,BDT
TITASGAS,Titas Gas Transmission and Distribution PLC,DSEBD,Utilities,Gas Distributors,17.2,17.6,17.0,17.3,0.5813953488372177,17113536415.999998,462086,BDT
TOSRIFA,Tosrifa Industries Ltd,DSEBD,Consumer Non-Durables,Apparel/Footwear,17.2,17.4,17.1,17.3,1.7647058823529453,1199665300.0,182536,BDT
TRUSTB1MF,Trust Bank 1st Mutual Fund Units,DSEBD,Miscellaneous,Investment Trusts/Mutual Funds,2.8,2.9,2.7,2.8,3.7037037037036904,,1009581,BDT
TRUSTBANK,Trust Bank PLC,DSEBD,Finance,Major Banks,18.9,19.2,18.8,19.1,1.5957446808510676,18986919379.0,4892464,BDT
TUNGHAI,Tung Hai Knitting & Dyeing Ltd,DSEBD,Process Industries,Textiles,2.6,2.6,2.5,2.6,4.0000000000000036,277297869.0,643423,BDT
UCB,United Commercial Bank PLC,DSEBD,Finance,Regional Banks,10.3,10.3,10.0,10.1,0.9999999999999963,15658796722.0,1533509,BDT
UNILEVERCL,Unilever Consumer Care Limited,DSEBD,Health Technology,Pharmaceuticals: Major,2229.6,2239.8,2229.6,2234.8,0.2377214622112663,43074248361.0,530,BDT
UNIONCAP,Union Capital Limited,DSEBD,Finance,Investment Banks/Brokers,5.1,5.5,5.1,5.5,10.0,949156105.0,3560164,BDT
UNIONINS,Union Insurance Co. Ltd,DSEBD,Finance,Insurance Brokers/Services,35.7,36.5,35.5,35.7,0.28089887640449834,1727960713.0,206197,BDT
UNIQUEHRL,Unique Hotel & Resorts PLC,DSEBD,Consumer Services,Hotels/Resorts/Cruise lines,39.2,39.8,39.2,39.6,1.0204081632653024,11658239309.0,142668,BDT
UNITEDFIN,United Finance PLC,DSEBD,Finance,Finance/Rental/Leasing,13.0,13.0,12.7,12.9,1.574803149606308,2413778382.0,397624,BDT
UNITEDINS,United Insurance Company Limited,DSEBD,Finance,Property/Casualty Insurance,44.7,44.7,42.7,42.8,0.0,1904599966.0,28033,BDT
UPGDCL,United Power Generation & Distribution Co. Ltd.,DSEBD,Utilities,Electric Utilities,126.9,126.9,125.5,126.1,0.15885623510721894,73099570325.0,21439,BDT
USMANIAGL,Usmania Glass Sheet Factory Limited,DSEBD,Process Industries,Industrial Specialties,39.9,39.9,36.0,38.4,5.7851239669421535,668578560.0,97970,BDT
UTTARABANK,Uttara Bank PLC,DSEBD,Finance,Regional Banks,25.4,26.3,25.3,26.2,3.557312252964421,25421044869.0,9927333,BDT
UTTARAFIN,Uttara Finance and Investments Limited,DSEBD,Finance,Finance/Rental/Leasing,13.1,13.9,13.1,13.8,6.153846153846159,1814444813.0,237298,BDT
VAMLRBBF,Vanguard AML Rupali Bank Balanced Fund Units,DSEBD,Miscellaneous,Investment Trusts/Mutual Funds,6.1,6.1,6.0,6.1,1.6666666666666607,,1111,BDT
VFSTDL,VFS Thread Dyeing Ltd.,DSEBD,Process Industries,Textiles,11.8,12.7,11.8,12.1,2.542372881355923,1277518709.0,1786315,BDT
WALTONHIL,Walton Hi-Tech Industries PLC,DSEBD,Consumer Durables,Electronics/Appliances,414.7,418.0,414.3,416.2,0.024032684450844964,138686663931.0,12299,BDT
WATACHEM,Wata Chemicals Ltd.,DSEBD,Process Industries,Chemicals: Specialty,150.0,150.0,137.8,138.5,0.8005822416302724,2052932660.0,34412,BDT
WMSHIPYARD,Western Marine Shipyard Limited,DSEBD,Producer Manufacturing,Trucks/Construction/Farm Machinery,8.6,8.8,8.4,8.5,-1.1627906976744147,1999232010.0,410271,BDT
YPL,Yeakin Polymer Ltd.,DSEBD,Consumer Durables,Home Furnishings,16.8,16.9,16.3,16.4,-0.6060606060606146,1208660653.0,336445,BDT
ZAHEENSPIN,Zaheen Spinning PLC,DSEBD,Process Industries,Agricultural Commodities/Milling,5.3,5.4,5.1,5.1,-3.7735849056603805,580524672.0,433355,BDT
ZAHINTEX,Zahintex Industries Ltd.,DSEBD,Consumer Non-Durables,Apparel/Footwear,6.3,6.5,6.2,6.3,0.0,515519895.0,202914,BDT
ZEALBANGLA,Zeal Bangla Sugar Milla Limited,DSEBD,Process Industries,Agricultural Commodities/Milling,144.0,145.0,140.0,140.5,-2.362751911049344,843000000.0,8415,BDT
